Algoritmo,NumDocumentos,NumPatrones,TiempoConstruccion,TiempoBusqueda,MemoriaKB
SA,25,100,31.0038,0.000112,1920
SA,25,200,31.4128,0.000197,1792
SA,25,500,31.824,0.000408,1920
SA,25,1000,30.9256,0.000734,1792
SA,50,100,71.853,0.000106,1792
SA,50,200,75.7531,0.000183,1920
SA,50,500,76.3614,0.0004,1920
SA,50,1000,78.6874,0.001292,1920
